keyword,beta,beta_index,n_samples,mean,std,p5,p10,p25,p50,p75,p90,p95,range_lo,range_hi,iqr_lo,iqr_hi,iqr_width
tall,beta_0,0,4413,1.3374,1.0201,-0.4834,-0.077,0.747,1.378,1.978,2.5888,2.9878,-0.077,2.5888,0.747,1.978,1.231
tall,beta_1,1,4413,0.089,1.5029,-2.4078,-1.885,-0.962,0.142,1.136,1.9944,2.5688,-1.885,1.9944,-0.962,1.136,2.098
tall,beta_2,2,4413,0.1238,1.4594,-2.3204,-1.782,-0.874,0.12,1.11,2.0282,2.5574,-1.782,2.0282,-0.874,1.11,1.984
tall,beta_3,3,4413,-0.0325,1.5365,-2.5108,-2.0188,-1.081,-0.038,1.006,1.9706,2.5128,-2.0188,1.9706,-1.081,1.006,2.087
tall,beta_4,4,4413,0.1196,1.429,-2.2668,-1.7606,-0.804,0.126,1.084,1.9238,2.4852,-1.7606,1.9238,-0.804,1.084,1.888
tall,beta_5,5,4413,0.1066,1.4194,-2.2506,-1.7268,-0.831,0.1,1.057,1.9486,2.455,-1.7268,1.9486,-0.831,1.057,1.888
tall,beta_6,6,4413,-0.0285,1.388,-2.3382,-1.7892,-0.924,-0.02,0.903,1.7308,2.2268,-1.7892,1.7308,-0.924,0.903,1.827
tall,beta_7,7,4413,-0.0794,1.3789,-2.354,-1.837,-0.999,-0.09,0.861,1.699,2.2194,-1.837,1.699,-0.999,0.861,1.86
tall,beta_8,8,4413,-0.054,1.4002,-2.3312,-1.8846,-1.0,-0.039,0.888,1.726,2.2246,-1.8846,1.726,-1.0,0.888,1.888
tall,beta_9,9,4413,0.0523,1.4319,-2.3056,-1.8014,-0.92,0.041,1.017,1.8908,2.446,-1.8014,1.8908,-0.92,1.017,1.937
short,beta_0,0,6946,-0.5783,1.4392,-2.722,-2.288,-1.5938,-0.749,0.4235,1.3765,1.961,-2.288,1.3765,-1.5938,0.4235,2.0173
short,beta_1,1,6946,-0.1245,1.4166,-2.4642,-1.955,-1.0867,-0.105,0.854,1.7025,2.1815,-1.955,1.7025,-1.0867,0.854,1.9407
short,beta_2,2,6946,0.4236,1.4888,-2.0792,-1.5495,-0.5948,0.492,1.485,2.277,2.716,-1.5495,2.277,-0.5948,1.485,2.0798
short,beta_3,3,6946,-0.247,1.5815,-2.6978,-2.2385,-1.4168,-0.3035,0.8698,1.8475,2.4015,-2.2385,1.8475,-1.4168,0.8698,2.2866
short,beta_4,4,6946,-0.139,1.4174,-2.4768,-1.9825,-1.1,-0.134,0.8198,1.646,2.1588,-1.9825,1.646,-1.1,0.8198,1.9198
short,beta_5,5,6946,-0.2461,1.4217,-2.6225,-2.07,-1.205,-0.252,0.7105,1.577,2.0972,-2.07,1.577,-1.205,0.7105,1.9155
short,beta_6,6,6946,-0.0042,1.4009,-2.3145,-1.7735,-0.9395,-0.0155,0.92,1.785,2.301,-1.7735,1.785,-0.9395,0.92,1.8595
short,beta_7,7,6946,0.015,1.409,-2.2965,-1.766,-0.934,0.0145,0.9638,1.814,2.3322,-1.766,1.814,-0.934,0.9638,1.8978
short,beta_8,8,6946,0.0101,1.4383,-2.3218,-1.8165,-0.962,0.016,0.979,1.849,2.351,-1.8165,1.849,-0.962,0.979,1.941
short,beta_9,9,6946,0.0815,1.4147,-2.25,-1.725,-0.8698,0.077,1.006,1.9035,2.442,-1.725,1.9035,-0.8698,1.006,1.8758
average height,beta_0,0,7417,-0.0137,0.7153,-1.149,-0.96,-0.563,-0.01,0.546,0.941,1.1242,-0.96,0.941,-0.563,0.546,1.109
average height,beta_1,1,7417,-0.0099,1.3603,-2.2792,-1.771,-0.918,0.003,0.92,1.7144,2.222,-1.771,1.7144,-0.918,0.92,1.838
average height,beta_2,2,7417,-0.0002,1.4208,-2.3474,-1.833,-0.928,-0.021,0.965,1.8474,2.3482,-1.833,1.8474,-0.928,0.965,1.893
average height,beta_3,3,7417,0.0158,1.4046,-2.2444,-1.7744,-0.97,0.001,0.951,1.817,2.352,-1.7744,1.817,-0.97,0.951,1.921
average height,beta_4,4,7417,-0.0352,1.4092,-2.3656,-1.858,-0.993,-0.02,0.926,1.755,2.2536,-1.858,1.755,-0.993,0.926,1.919
average height,beta_5,5,7417,0.0003,1.405,-2.3346,-1.812,-0.949,-0.005,0.955,1.7904,2.2952,-1.812,1.7904,-0.949,0.955,1.904
average height,beta_6,6,7417,0.0181,1.4055,-2.3178,-1.7694,-0.937,0.018,0.953,1.8108,2.336,-1.7694,1.8108,-0.937,0.953,1.89
average height,beta_7,7,7417,0.0045,1.4147,-2.3324,-1.7834,-0.95,-0.008,0.95,1.8204,2.3638,-1.7834,1.8204,-0.95,0.95,1.9
average height,beta_8,8,7417,0.0122,1.4101,-2.3118,-1.798,-0.932,0.015,0.983,1.807,2.286,-1.798,1.807,-0.932,0.983,1.915
average height,beta_9,9,7417,0.0329,1.4166,-2.282,-1.7564,-0.913,0.031,0.954,1.8234,2.3758,-1.7564,1.8234,-0.913,0.954,1.867
petite,beta_0,0,795,-1.6729,0.9318,-3.0272,-2.6808,-2.2315,-1.727,-1.286,-0.61,0.2743,-2.6808,-0.61,-2.2315,-1.286,0.9455
petite,beta_1,1,795,-0.043,1.3973,-2.3822,-1.9372,-1.028,0.013,0.8785,1.7128,2.2269,-1.9372,1.7128,-1.028,0.8785,1.9065
petite,beta_2,2,795,-0.0627,1.3833,-2.3041,-1.8234,-0.9835,-0.055,0.879,1.7064,2.1313,-1.8234,1.7064,-0.9835,0.879,1.8625
petite,beta_3,3,795,-0.2509,1.4892,-2.6841,-2.1444,-1.3245,-0.235,0.7965,1.5676,2.1793,-2.1444,1.5676,-1.3245,0.7965,2.121
petite,beta_4,4,795,-0.0073,1.4476,-2.3863,-1.86,-0.9795,0.012,0.9565,1.9098,2.3,-1.86,1.9098,-0.9795,0.9565,1.936
petite,beta_5,5,795,-0.0301,1.3938,-2.3455,-1.9006,-0.951,0.049,0.8845,1.693,2.2102,-1.9006,1.693,-0.951,0.8845,1.8355
petite,beta_6,6,795,0.028,1.4397,-2.3144,-1.83,-0.906,0.018,1.01,1.9038,2.309,-1.83,1.9038,-0.906,1.01,1.916
petite,beta_7,7,795,0.0332,1.3388,-2.1742,-1.7008,-0.815,0.014,0.9275,1.7234,2.2316,-1.7008,1.7234,-0.815,0.9275,1.7425
petite,beta_8,8,795,0.0528,1.4368,-2.4701,-1.6854,-0.891,0.06,1.052,1.877,2.4199,-1.6854,1.877,-0.891,1.052,1.943
petite,beta_9,9,795,0.0997,1.3457,-2.0417,-1.5972,-0.77,0.029,1.015,1.8082,2.3934,-1.5972,1.8082,-0.77,1.015,1.785
compact,beta_0,0,790,-1.4565,0.9315,-2.5451,-2.3294,-1.9905,-1.598,-1.2212,-0.2956,0.6806,-2.3294,-0.2956,-1.9905,-1.2212,0.7693
compact,beta_1,1,790,0.344,1.4152,-2.2988,-1.6788,-0.5008,0.454,1.3268,2.0808,2.4915,-1.6788,2.0808,-0.5008,1.3268,1.8276
compact,beta_2,2,790,0.1055,1.3686,-2.1682,-1.6826,-0.8038,0.115,0.9748,1.9221,2.2994,-1.6826,1.9221,-0.8038,0.9748,1.7786
compact,beta_3,3,790,-0.0763,1.4443,-2.491,-1.8819,-1.0195,-0.1095,0.9218,1.757,2.3338,-1.8819,1.757,-1.0195,0.9218,1.9413
compact,beta_4,4,790,-0.0402,1.3957,-2.2626,-1.8571,-0.9492,-0.0065,0.867,1.6596,2.191,-1.8571,1.6596,-0.9492,0.867,1.8162
compact,beta_5,5,790,-0.1815,1.3925,-2.3636,-1.9248,-1.1505,-0.169,0.7872,1.5094,2.0039,-1.9248,1.5094,-1.1505,0.7872,1.9377
compact,beta_6,6,790,0.055,1.4397,-2.237,-1.8012,-0.9092,0.015,1.0202,1.9464,2.5623,-1.8012,1.9464,-0.9092,1.0202,1.9294
compact,beta_7,7,790,0.055,1.4483,-2.4162,-1.7427,-0.831,0.0355,0.9522,1.8773,2.4515,-1.7427,1.8773,-0.831,0.9522,1.7832
compact,beta_8,8,790,-0.0798,1.4185,-2.412,-1.9673,-1.0288,-0.087,0.8508,1.7221,2.34,-1.9673,1.7221,-1.0288,0.8508,1.8796
compact,beta_9,9,790,-0.0277,1.4149,-2.1787,-1.9153,-0.9845,-0.064,0.938,1.7685,2.3664,-1.9153,1.7685,-0.9845,0.938,1.9225
towering,beta_0,0,1218,1.9225,0.6739,1.0748,1.1997,1.421,1.7845,2.3022,2.7856,3.2114,1.1997,2.7856,1.421,2.3022,0.8812
towering,beta_1,1,1218,-0.2932,1.394,-2.6453,-2.0356,-1.2145,-0.335,0.6498,1.4852,1.947,-2.0356,1.4852,-1.2145,0.6498,1.8643
towering,beta_2,2,1218,0.0789,1.364,-2.2388,-1.6979,-0.871,0.0795,1.0507,1.84,2.2901,-1.6979,1.84,-0.871,1.0507,1.9217
towering,beta_3,3,1218,0.0781,1.4159,-2.3372,-1.77,-0.8332,0.1025,1.025,1.9098,2.3642,-1.77,1.9098,-0.8332,1.025,1.8582
towering,beta_4,4,1218,-0.013,1.405,-2.4078,-1.7819,-0.9528,0.0125,0.8978,1.8293,2.3073,-1.7819,1.8293,-0.9528,0.8978,1.8506
towering,beta_5,5,1218,0.0971,1.4236,-2.2342,-1.7426,-0.8532,0.1125,1.0448,1.932,2.5175,-1.7426,1.932,-0.8532,1.0448,1.898
towering,beta_6,6,1218,-0.0496,1.3848,-2.3226,-1.8951,-0.9538,0.0105,0.8698,1.7051,2.1257,-1.8951,1.7051,-0.9538,0.8698,1.8236
towering,beta_7,7,1218,0.0075,1.4298,-2.3502,-1.8269,-0.9188,-0.0185,0.978,1.8135,2.299,-1.8269,1.8135,-0.9188,0.978,1.8968
towering,beta_8,8,1218,0.0167,1.4149,-2.2913,-1.8154,-0.93,0.025,0.9588,1.881,2.3692,-1.8154,1.881,-0.93,0.9588,1.8888
towering,beta_9,9,1218,0.0651,1.3918,-2.155,-1.6666,-0.8775,-0.005,0.9782,1.8754,2.4301,-1.6666,1.8754,-0.8775,0.9782,1.8557
tall neck,beta_0,0,2460,1.8184,0.8372,0.583,0.8159,1.226,1.76,2.3723,2.9235,3.2231,0.8159,2.9235,1.226,2.3723,1.1463
tall neck,beta_1,1,2460,-0.055,1.4284,-2.437,-1.9584,-1.0568,0.0025,0.935,1.7428,2.2796,-1.9584,1.7428,-1.0568,0.935,1.9918
tall neck,beta_2,2,2460,0.4304,1.3737,-1.8132,-1.3083,-0.5142,0.413,1.3882,2.2121,2.768,-1.3083,2.2121,-0.5142,1.3882,1.9024
tall neck,beta_3,3,2460,-0.6353,1.376,-2.8682,-2.4015,-1.6118,-0.6395,0.305,1.1373,1.6055,-2.4015,1.1373,-1.6118,0.305,1.9168
tall neck,beta_4,4,2460,0.1991,1.4103,-2.178,-1.6461,-0.7212,0.2395,1.138,1.9261,2.5451,-1.6461,1.9261,-0.7212,1.138,1.8592
tall neck,beta_5,5,2460,0.0046,1.4106,-2.3494,-1.8391,-0.926,0.012,0.9652,1.792,2.2841,-1.8391,1.792,-0.926,0.9652,1.8912
tall neck,beta_6,6,2460,-0.0771,1.3876,-2.358,-1.8575,-0.9672,-0.0485,0.8385,1.7187,2.1763,-1.8575,1.7187,-0.9672,0.8385,1.8057
tall neck,beta_7,7,2460,-0.1904,1.3742,-2.4902,-1.919,-1.1095,-0.204,0.7412,1.5881,2.1421,-1.919,1.5881,-1.1095,0.7412,1.8507
tall neck,beta_8,8,2460,-0.0503,1.4199,-2.4082,-1.8853,-1.0002,-0.024,0.9162,1.7045,2.2077,-1.8853,1.7045,-1.0002,0.9162,1.9164
tall neck,beta_9,9,2460,0.2218,1.4165,-2.1412,-1.6283,-0.7398,0.198,1.1638,2.093,2.647,-1.6283,2.093,-0.7398,1.1638,1.9036
short neck,beta_0,0,2541,-1.759,0.896,-3.256,-2.904,-2.292,-1.733,-1.191,-0.729,-0.439,-2.904,-0.729,-2.292,-1.191,1.101
short neck,beta_1,1,2541,0.1295,1.3906,-2.164,-1.658,-0.837,0.136,1.092,1.858,2.377,-1.658,1.858,-0.837,1.092,1.929
short neck,beta_2,2,2541,-0.3809,1.3644,-2.597,-2.09,-1.322,-0.408,0.54,1.376,1.832,-2.09,1.376,-1.322,0.54,1.862
short neck,beta_3,3,2541,0.5922,1.3805,-1.669,-1.172,-0.354,0.596,1.529,2.353,2.825,-1.172,2.353,-0.354,1.529,1.883
short neck,beta_4,4,2541,-0.225,1.4003,-2.508,-2.031,-1.162,-0.206,0.729,1.536,2.046,-2.031,1.536,-1.162,0.729,1.891
short neck,beta_5,5,2541,-0.0891,1.4104,-2.419,-1.92,-1.031,-0.084,0.891,1.68,2.178,-1.92,1.68,-1.031,0.891,1.922
short neck,beta_6,6,2541,0.0816,1.424,-2.204,-1.734,-0.88,0.077,1.029,1.881,2.373,-1.734,1.881,-0.88,1.029,1.909
short neck,beta_7,7,2541,0.1694,1.3874,-2.055,-1.649,-0.77,0.162,1.099,1.955,2.554,-1.649,1.955,-0.77,1.099,1.869
short neck,beta_8,8,2541,0.0985,1.395,-2.2,-1.653,-0.821,0.119,1.016,1.871,2.382,-1.653,1.871,-0.821,1.016,1.837
short neck,beta_9,9,2541,-0.1898,1.3774,-2.43,-1.915,-1.115,-0.227,0.717,1.589,2.156,-1.915,1.589,-1.115,0.717,1.832
long neck,beta_0,0,230,0.7366,1.6082,-1.9328,-1.2347,-0.6938,0.954,2.0065,2.7687,3.0461,-1.2347,2.7687,-0.6938,2.0065,2.7003
long neck,beta_1,1,230,0.0414,1.5767,-2.5,-2.1,-0.9375,0.1345,0.8948,1.9953,2.6995,-2.1,1.9953,-0.9375,0.8948,1.8323
long neck,beta_2,2,230,0.1453,1.6688,-2.4684,-1.8854,-1.1025,0.0805,1.2282,2.3663,2.9316,-1.8854,2.3663,-1.1025,1.2282,2.3307
long neck,beta_3,3,230,0.1587,1.6491,-2.51,-1.8383,-1.076,0.1365,1.354,2.3803,2.7994,-1.8383,2.3803,-1.076,1.354,2.43
long neck,beta_4,4,230,0.118,1.4194,-2.3341,-1.6348,-0.8205,0.0865,1.1305,2.0952,2.4654,-1.6348,2.0952,-0.8205,1.1305,1.951
long neck,beta_5,5,230,0.0963,1.3846,-1.8606,-1.5138,-0.808,0.034,0.9928,1.84,2.4778,-1.5138,1.84,-0.808,0.9928,1.8008
long neck,beta_6,6,230,-0.0575,1.4336,-2.2942,-1.708,-0.9888,-0.099,0.971,1.7037,2.4521,-1.708,1.7037,-0.9888,0.971,1.9598
long neck,beta_7,7,230,-0.1093,1.4497,-2.4128,-1.9804,-1.055,-0.155,0.728,1.7772,2.2359,-1.9804,1.7772,-1.055,0.728,1.783
long neck,beta_8,8,230,0.0586,1.4382,-2.4994,-1.8233,-0.9742,0.148,1.057,1.7973,2.2749,-1.8233,1.7973,-0.9742,1.057,2.0312
long neck,beta_9,9,230,-0.0535,1.4404,-2.3351,-1.9164,-1.0882,0.0005,0.9192,1.8321,2.2321,-1.9164,1.8321,-1.0882,0.9192,2.0074
slender neck,beta_0,0,143,-0.5078,1.5969,-3.0176,-2.4156,-1.5825,-0.827,0.488,1.861,2.3787,-2.4156,1.861,-1.5825,0.488,2.0705
slender neck,beta_1,1,143,0.332,1.539,-2.297,-1.8868,-0.7555,0.537,1.482,2.1748,2.6182,-1.8868,2.1748,-0.7555,1.482,2.2375
slender neck,beta_2,2,143,-0.1911,1.3967,-2.3154,-1.892,-1.1145,-0.262,0.721,1.708,2.1473,-1.892,1.708,-1.1145,0.721,1.8355
slender neck,beta_3,3,143,0.7162,1.7846,-2.3254,-1.7568,-0.5845,0.903,2.04,2.9096,3.6166,-1.7568,2.9096,-0.5845,2.04,2.6245
slender neck,beta_4,4,143,-0.1314,1.4427,-2.8459,-1.764,-1.0645,-0.114,0.956,1.7214,2.067,-1.764,1.7214,-1.0645,0.956,2.0205
slender neck,beta_5,5,143,0.0154,1.4346,-2.3635,-1.556,-0.9115,-0.216,0.8695,1.8424,2.8603,-1.556,1.8424,-0.9115,0.8695,1.781
slender neck,beta_6,6,143,-0.1081,1.4329,-2.3805,-2.0402,-0.93,-0.192,0.702,1.7098,2.5515,-2.0402,1.7098,-0.93,0.702,1.632
slender neck,beta_7,7,143,-0.011,1.3612,-2.1515,-1.8624,-0.8625,-0.06,0.8945,1.8274,2.2274,-1.8624,1.8274,-0.8625,0.8945,1.757
slender neck,beta_8,8,143,0.0024,1.3581,-2.013,-1.7492,-1.0335,-0.003,0.8895,1.6924,2.1892,-1.7492,1.6924,-1.0335,0.8895,1.923
slender neck,beta_9,9,143,0.0756,1.3746,-1.9906,-1.6908,-0.992,-0.047,0.9815,2.1486,2.4652,-1.6908,2.1486,-0.992,0.9815,1.9735
long arms,beta_0,0,2573,-0.0238,1.3894,-2.3096,-1.7346,-0.967,-0.045,0.917,1.821,2.3332,-1.7346,1.821,-0.967,0.917,1.884
long arms,beta_1,1,2573,0.7868,1.317,-1.4122,-0.8682,-0.085,0.805,1.671,2.4588,2.932,-0.8682,2.4588,-0.085,1.671,1.756
long arms,beta_2,2,2573,-1.6134,1.0825,-3.3364,-2.8868,-2.29,-1.633,-0.952,-0.3532,0.0572,-2.8868,-0.3532,-2.29,-0.952,1.338
long arms,beta_3,3,2573,-0.1187,1.4352,-2.4458,-2.0118,-1.11,-0.115,0.834,1.6988,2.2338,-2.0118,1.6988,-1.11,0.834,1.944
long arms,beta_4,4,2573,0.2769,1.36,-1.846,-1.4204,-0.693,0.27,1.177,2.0268,2.601,-1.4204,2.0268,-0.693,1.177,1.87
long arms,beta_5,5,2573,0.0611,1.4065,-2.209,-1.733,-0.923,0.055,1.025,1.8564,2.4008,-1.733,1.8564,-0.923,1.025,1.948
long arms,beta_6,6,2573,0.0516,1.432,-2.271,-1.757,-0.924,0.044,1.021,1.858,2.4196,-1.757,1.858,-0.924,1.021,1.945
long arms,beta_7,7,2573,0.0814,1.4045,-2.234,-1.7174,-0.853,0.092,1.039,1.873,2.3494,-1.7174,1.873,-0.853,1.039,1.892
long arms,beta_8,8,2573,0.4722,1.3689,-1.737,-1.254,-0.434,0.457,1.394,2.1894,2.727,-1.254,2.1894,-0.434,1.394,1.828
long arms,beta_9,9,2573,-0.0347,1.3761,-2.2822,-1.824,-0.954,-0.069,0.867,1.766,2.3276,-1.824,1.766,-0.954,0.867,1.821
short arms,beta_0,0,2573,-0.2514,1.3834,-2.4982,-2.0154,-1.229,-0.246,0.748,1.4836,1.9902,-2.0154,1.4836,-1.229,0.748,1.977
short arms,beta_1,1,2573,-0.7322,1.3082,-2.8356,-2.373,-1.622,-0.75,0.144,0.9592,1.453,-2.373,0.9592,-1.622,0.144,1.766
short arms,beta_2,2,2573,1.621,1.0229,0.051,0.445,1.018,1.618,2.272,2.8376,3.221,0.445,2.8376,1.018,2.272,1.254
short arms,beta_3,3,2573,0.1087,1.4379,-2.2344,-1.7346,-0.86,0.109,1.102,1.9194,2.4098,-1.7346,1.9194,-0.86,1.102,1.962
short arms,beta_4,4,2573,-0.3613,1.39,-2.6142,-2.1566,-1.305,-0.35,0.596,1.3904,1.88,-2.1566,1.3904,-1.305,0.596,1.901
short arms,beta_5,5,2573,-0.0775,1.3754,-2.3366,-1.844,-0.989,-0.098,0.872,1.703,2.1804,-1.844,1.703,-0.989,0.872,1.861
short arms,beta_6,6,2573,-0.0689,1.3872,-2.3618,-1.8436,-1.002,-0.065,0.846,1.6896,2.1856,-1.8436,1.6896,-1.002,0.846,1.848
short arms,beta_7,7,2573,-0.1045,1.4091,-2.4434,-1.8538,-1.05,-0.108,0.815,1.707,2.2356,-1.8538,1.707,-1.05,0.815,1.865
short arms,beta_8,8,2573,-0.4788,1.3987,-2.747,-2.2366,-1.421,-0.504,0.456,1.3396,1.834,-2.2366,1.3396,-1.421,0.456,1.877
short arms,beta_9,9,2573,0.1026,1.4069,-2.1986,-1.7004,-0.836,0.112,1.026,1.9066,2.3694,-1.7004,1.9066,-0.836,1.026,1.862
thick arms,beta_0,0,2564,0.7027,1.3234,-1.4597,-1.0507,-0.2402,0.721,1.5943,2.4229,2.8588,-1.0507,2.4229,-0.2402,1.5943,1.8345
thick arms,beta_1,1,2564,1.3106,1.1163,-0.5008,-0.0834,0.587,1.286,2.059,2.75,3.1196,-0.0834,2.75,0.587,2.059,1.472
thick arms,beta_2,2,2564,0.9375,1.2599,-1.1747,-0.6674,0.0805,0.953,1.804,2.5308,2.9668,-0.6674,2.5308,0.0805,1.804,1.7235
thick arms,beta_3,3,2564,0.7091,1.3906,-1.659,-1.0821,-0.194,0.6825,1.6275,2.4867,2.9963,-1.0821,2.4867,-0.194,1.6275,1.8215
thick arms,beta_4,4,2564,0.3009,1.3746,-1.9944,-1.5092,-0.62,0.3505,1.2162,1.9978,2.5217,-1.5092,1.9978,-0.62,1.2162,1.8362
thick arms,beta_5,5,2564,-0.0196,1.4426,-2.4238,-1.8694,-0.9805,0.01,0.9732,1.845,2.3424,-1.8694,1.845,-0.9805,0.9732,1.9537
thick arms,beta_6,6,2564,0.0913,1.4334,-2.292,-1.7517,-0.8555,0.11,1.033,1.8725,2.4268,-1.7517,1.8725,-0.8555,1.033,1.8885
thick arms,beta_7,7,2564,-0.3241,1.3913,-2.6428,-2.1508,-1.263,-0.336,0.6312,1.4567,1.962,-2.1508,1.4567,-1.263,0.6312,1.8942
thick arms,beta_8,8,2564,-0.1108,1.4229,-2.447,-1.9464,-1.0343,-0.11,0.8442,1.6947,2.1999,-1.9464,1.6947,-1.0343,0.8442,1.8785
thick arms,beta_9,9,2564,-0.0173,1.4005,-2.292,-1.7911,-0.9662,-0.032,0.914,1.7716,2.3484,-1.7911,1.7716,-0.9662,0.914,1.8802
thin arms,beta_0,0,2615,-0.7097,1.274,-2.8439,-2.35,-1.568,-0.71,0.152,0.9456,1.4061,-2.35,0.9456,-1.568,0.152,1.72
thin arms,beta_1,1,2615,-1.3326,1.1266,-3.2156,-2.7436,-2.0705,-1.321,-0.5895,0.0856,0.4749,-2.7436,0.0856,-2.0705,-0.5895,1.481
thin arms,beta_2,2,2615,-0.9398,1.3065,-3.1026,-2.5502,-1.795,-0.944,-0.088,0.7148,1.2175,-2.5502,0.7148,-1.795,-0.088,1.707
thin arms,beta_3,3,2615,-0.6477,1.3314,-2.7988,-2.3614,-1.568,-0.67,0.236,1.0674,1.6319,-2.3614,1.0674,-1.568,0.236,1.804
thin arms,beta_4,4,2615,-0.3603,1.3951,-2.5579,-2.1246,-1.3265,-0.391,0.581,1.4486,1.946,-2.1246,1.4486,-1.3265,0.581,1.9075
thin arms,beta_5,5,2615,0.0026,1.4165,-2.3795,-1.8234,-0.9535,0.007,0.95,1.782,2.2968,-1.8234,1.782,-0.9535,0.95,1.9035
thin arms,beta_6,6,2615,-0.1061,1.4038,-2.417,-1.8812,-1.035,-0.13,0.8475,1.6712,2.1995,-1.8812,1.6712,-1.035,0.8475,1.8825
thin arms,beta_7,7,2615,0.2665,1.3767,-1.9729,-1.5082,-0.6615,0.285,1.164,2.0412,2.5573,-1.5082,2.0412,-0.6615,1.164,1.8255
thin arms,beta_8,8,2615,0.1153,1.408,-2.1902,-1.6528,-0.8305,0.129,1.038,1.9264,2.4258,-1.6528,1.9264,-0.8305,1.038,1.8685
thin arms,beta_9,9,2615,0.0399,1.4306,-2.2783,-1.8172,-0.967,0.041,1.003,1.8756,2.3682,-1.8172,1.8756,-0.967,1.003,1.97
spindly arms,beta_0,0,198,-0.5559,1.6089,-2.9678,-2.6257,-1.7395,-0.7135,0.66,1.7297,2.06,-2.6257,1.7297,-1.7395,0.66,2.3995
spindly arms,beta_1,1,198,-1.763,1.0191,-3.3821,-3.0428,-2.3765,-1.846,-1.2157,-0.4584,-0.0075,-3.0428,-0.4584,-2.3765,-1.2157,1.1608
spindly arms,beta_2,2,198,-0.9221,1.2581,-2.8163,-2.576,-1.618,-0.8795,-0.1312,0.6278,1.1451,-2.576,0.6278,-1.618,-0.1312,1.4868
spindly arms,beta_3,3,198,-0.8421,1.2567,-2.8719,-2.4815,-1.7102,-0.7935,0.0152,0.8823,1.1736,-2.4815,0.8823,-1.7102,0.0152,1.7254
spindly arms,beta_4,4,198,-0.445,1.3433,-2.6739,-2.204,-1.2712,-0.351,0.4748,1.1851,1.6988,-2.204,1.1851,-1.2712,0.4748,1.746
spindly arms,beta_5,5,198,0.0689,1.391,-2.0958,-1.7534,-0.7735,0.1,0.9335,1.8936,2.1447,-1.7534,1.8936,-0.7735,0.9335,1.707
spindly arms,beta_6,6,198,-0.2017,1.3179,-2.461,-1.9645,-0.956,-0.2795,0.7042,1.4796,2.0188,-1.9645,1.4796,-0.956,0.7042,1.6602
spindly arms,beta_7,7,198,0.1221,1.2694,-2.1092,-1.5422,-0.6702,0.1075,1.0867,1.6094,1.8838,-1.5422,1.6094,-0.6702,1.0867,1.7569
spindly arms,beta_8,8,198,0.1465,1.3457,-2.0684,-1.609,-0.7332,0.0725,1.1178,1.8403,2.2832,-1.609,1.8403,-0.7332,1.1178,1.851
spindly arms,beta_9,9,198,0.0996,1.3419,-2.024,-1.6681,-0.7578,0.0145,0.958,1.8074,2.3996,-1.6681,1.8074,-0.7578,0.958,1.7158
sturdy arms,beta_0,0,255,0.5213,1.3607,-1.4175,-1.0786,-0.437,0.449,1.436,2.3364,2.8232,-1.0786,2.3364,-0.437,1.436,1.873
sturdy arms,beta_1,1,255,1.6189,1.1083,-0.1979,0.319,0.8805,1.668,2.336,2.9962,3.4597,0.319,2.9962,0.8805,2.336,1.4555
sturdy arms,beta_2,2,255,0.6135,1.3321,-1.617,-1.0318,-0.306,0.539,1.5075,2.315,2.7364,-1.0318,2.315,-0.306,1.5075,1.8135
sturdy arms,beta_3,3,255,0.7245,1.444,-1.6815,-1.1996,-0.304,0.685,1.871,2.6856,3.0994,-1.1996,2.6856,-0.304,1.871,2.175
sturdy arms,beta_4,4,255,0.3551,1.3503,-1.8314,-1.2518,-0.601,0.325,1.127,2.2496,2.6976,-1.2518,2.2496,-0.601,1.127,1.728
sturdy arms,beta_5,5,255,0.052,1.3403,-2.2728,-1.8144,-0.793,0.121,0.972,1.6308,2.2151,-1.8144,1.6308,-0.793,0.972,1.765
sturdy arms,beta_6,6,255,0.2568,1.4944,-1.9012,-1.4226,-0.769,0.207,1.1345,2.1472,2.7021,-1.4226,2.1472,-0.769,1.1345,1.9035
sturdy arms,beta_7,7,255,-0.0736,1.3703,-1.9634,-1.7022,-0.9275,-0.231,0.7425,1.7064,2.2819,-1.7022,1.7064,-0.9275,0.7425,1.67
sturdy arms,beta_8,8,255,-0.0584,1.4391,-2.4761,-1.9636,-1.0295,-0.075,0.9375,1.8206,2.0732,-1.9636,1.8206,-1.0295,0.9375,1.967
sturdy arms,beta_9,9,255,-0.155,1.4328,-2.4645,-2.069,-1.107,-0.235,1.0195,1.6718,2.1179,-2.069,1.6718,-1.107,1.0195,2.1265
robust arms,beta_0,0,139,0.9891,1.4824,-1.7206,-0.884,0.061,1.086,2.034,2.6936,2.843,-0.884,2.6936,0.061,2.034,1.973
robust arms,beta_1,1,139,1.2683,1.0892,-0.7015,-0.2416,0.615,1.337,2.0815,2.6716,3.0073,-0.2416,2.6716,0.615,2.0815,1.4665
robust arms,beta_2,2,139,0.9923,1.3073,-1.2352,-0.8054,0.109,1.011,1.872,2.6634,2.872,-0.8054,2.6634,0.109,1.872,1.763
robust arms,beta_3,3,139,0.8058,1.3989,-1.5479,-1.1568,-0.103,0.907,1.7145,2.5382,3.0781,-1.1568,2.5382,-0.103,1.7145,1.8175
robust arms,beta_4,4,139,0.4798,1.2681,-1.5211,-1.1128,-0.2175,0.407,1.4,2.2352,2.5504,-1.1128,2.2352,-0.2175,1.4,1.6175
robust arms,beta_5,5,139,-0.0057,1.3238,-2.493,-1.66,-0.7095,0.027,0.8655,1.4648,2.1854,-1.66,1.4648,-0.7095,0.8655,1.575
robust arms,beta_6,6,139,0.1488,1.2487,-1.8779,-1.451,-0.6745,0.094,1.0105,1.9278,2.3022,-1.451,1.9278,-0.6745,1.0105,1.685
robust arms,beta_7,7,139,-0.2972,1.2914,-2.5965,-1.7986,-1.1515,-0.28,0.4775,1.4648,1.8714,-1.7986,1.4648,-1.1515,0.4775,1.629
robust arms,beta_8,8,139,-0.0186,1.5118,-2.3547,-1.9496,-0.9915,-0.065,1.0475,1.8572,2.3607,-1.9496,1.8572,-0.9915,1.0475,2.039
robust arms,beta_9,9,139,-0.1402,1.2376,-2.478,-1.461,-0.91,-0.155,0.8065,1.3062,1.8107,-1.461,1.3062,-0.91,0.8065,1.7165
long legs,beta_0,0,2632,-0.3384,1.3672,-2.5314,-2.0909,-1.2803,-0.3475,0.5695,1.426,1.9242,-2.0909,1.426,-1.2803,0.5695,1.8498
long legs,beta_1,1,2632,0.1195,1.451,-2.2399,-1.7791,-0.8702,0.161,1.121,1.9299,2.4597,-1.7791,1.9299,-0.8702,1.121,1.9912
long legs,beta_2,2,2632,-0.5726,1.391,-2.8362,-2.3662,-1.5,-0.5785,0.364,1.2467,1.7074,-2.3662,1.2467,-1.5,0.364,1.864
long legs,beta_3,3,2632,1.5028,1.1138,-0.2794,0.1701,0.791,1.52,2.204,2.8752,3.3439,0.1701,2.8752,0.791,2.204,1.413
long legs,beta_4,4,2632,-0.1151,1.3897,-2.4264,-1.8826,-1.0405,-0.0995,0.7835,1.6395,2.137,-1.8826,1.6395,-1.0405,0.7835,1.824
long legs,beta_5,5,2632,0.752,1.3317,-1.5194,-0.963,-0.1262,0.786,1.645,2.4517,2.9583,-0.963,2.4517,-0.1262,1.645,1.7712
long legs,beta_6,6,2632,-0.0005,1.41,-2.2527,-1.7479,-0.9572,-0.008,0.9465,1.8159,2.3547,-1.7479,1.8159,-0.9572,0.9465,1.9037
long legs,beta_7,7,2632,0.0659,1.3891,-2.1728,-1.7066,-0.8895,0.038,0.9788,1.8586,2.5111,-1.7066,1.8586,-0.8895,0.9788,1.8683
long legs,beta_8,8,2632,-0.3526,1.361,-2.5994,-2.0699,-1.256,-0.358,0.5482,1.4035,1.9,-2.0699,1.4035,-1.256,0.5482,1.8042
long legs,beta_9,9,2632,-0.2808,1.3635,-2.5106,-2.0089,-1.2033,-0.3295,0.6552,1.4935,2.0324,-2.0089,1.4935,-1.2033,0.6552,1.8585
short legs,beta_0,0,2626,0.0823,1.3915,-2.1543,-1.6925,-0.8432,0.065,1.037,1.854,2.406,-1.6925,1.854,-0.8432,1.037,1.8802
short legs,beta_1,1,2626,-0.028,1.3569,-2.3438,-1.8265,-0.9265,0.015,0.9075,1.7195,2.1615,-1.8265,1.7195,-0.9265,0.9075,1.834
short legs,beta_2,2,2626,0.5688,1.3573,-1.6202,-1.1085,-0.355,0.55,1.486,2.306,2.7595,-1.1085,2.306,-0.355,1.486,1.841
short legs,beta_3,3,2626,-1.5158,1.0714,-3.2445,-2.8205,-2.208,-1.5555,-0.877,-0.241,0.2652,-2.8205,-0.241,-2.208,-0.877,1.331
short legs,beta_4,4,2626,0.0291,1.4178,-2.2902,-1.8095,-0.956,0.0545,0.9865,1.832,2.3412,-1.8095,1.832,-0.956,0.9865,1.9425
short legs,beta_5,5,2626,-0.7864,1.3386,-3.0328,-2.4975,-1.699,-0.783,0.101,0.921,1.4232,-2.4975,0.921,-1.699,0.101,1.8
short legs,beta_6,6,2626,-0.0169,1.394,-2.3022,-1.7795,-0.9198,-0.043,0.8818,1.7515,2.3122,-1.7795,1.7515,-0.9198,0.8818,1.8016
short legs,beta_7,7,2626,-0.0206,1.3911,-2.3112,-1.785,-0.9692,-0.02,0.9338,1.761,2.2555,-1.785,1.761,-0.9692,0.9338,1.903
short legs,beta_8,8,2626,0.3639,1.3954,-1.892,-1.4095,-0.6178,0.3905,1.285,2.134,2.5902,-1.4095,2.134,-0.6178,1.285,1.9028
short legs,beta_9,9,2626,0.3786,1.3881,-1.9285,-1.42,-0.5348,0.383,1.2672,2.2085,2.784,-1.42,2.2085,-0.5348,1.2672,1.802
thick legs,beta_0,0,2642,0.5515,1.3598,-1.697,-1.2247,-0.4107,0.5635,1.4888,2.291,2.7419,-1.2247,2.291,-0.4107,1.4888,1.8995
thick legs,beta_1,1,2642,1.0584,1.2078,-0.9107,-0.4716,0.2842,1.0575,1.813,2.6516,3.046,-0.4716,2.6516,0.2842,1.813,1.5288
thick legs,beta_2,2,2642,0.9248,1.2812,-1.1749,-0.701,0.049,0.924,1.818,2.5518,2.9919,-0.701,2.5518,0.049,1.818,1.769
thick legs,beta_3,3,2642,0.9404,1.3228,-1.201,-0.7038,0.0755,0.9375,1.792,2.5951,3.0892,-0.7038,2.5951,0.0755,1.792,1.7165
thick legs,beta_4,4,2642,0.3725,1.3772,-1.9089,-1.4059,-0.563,0.4025,1.2755,2.1365,2.6237,-1.4059,2.1365,-0.563,1.2755,1.8385
thick legs,beta_5,5,2642,-0.0366,1.4183,-2.4108,-1.858,-0.98,-0.01,0.9478,1.774,2.2649,-1.858,1.774,-0.98,0.9478,1.9278
thick legs,beta_6,6,2642,0.1577,1.4062,-2.187,-1.6227,-0.757,0.158,1.084,1.9018,2.4848,-1.6227,1.9018,-0.757,1.084,1.841
thick legs,beta_7,7,2642,-0.7338,1.3242,-2.8828,-2.4609,-1.643,-0.7545,0.1828,0.9559,1.4728,-2.4609,0.9559,-1.643,0.1828,1.8258
thick legs,beta_8,8,2642,0.1291,1.4164,-2.1796,-1.6588,-0.7988,0.136,1.0725,1.916,2.3925,-1.6588,1.916,-0.7988,1.0725,1.8713
thick legs,beta_9,9,2642,-0.014,1.3733,-2.233,-1.7689,-0.9515,-0.0295,0.9068,1.766,2.2939,-1.7689,1.766,-0.9515,0.9068,1.8583
thin legs,beta_0,0,2585,-0.5902,1.3101,-2.6876,-2.2358,-1.496,-0.628,0.305,1.1212,1.542,-2.2358,1.1212,-1.496,0.305,1.801
thin legs,beta_1,1,2585,-1.0782,1.2431,-3.075,-2.6542,-1.924,-1.09,-0.266,0.5132,0.9884,-2.6542,0.5132,-1.924,-0.266,1.658
thin legs,beta_2,2,2585,-0.8988,1.3045,-3.0908,-2.5316,-1.761,-0.886,-0.059,0.7664,1.234,-2.5316,0.7664,-1.761,-0.059,1.702
thin legs,beta_3,3,2585,-0.8738,1.261,-2.9446,-2.4882,-1.736,-0.873,-0.009,0.746,1.2134,-2.4882,0.746,-1.736,-0.009,1.727
thin legs,beta_4,4,2585,-0.4643,1.3891,-2.6696,-2.235,-1.421,-0.467,0.459,1.3156,1.8602,-2.235,1.3156,-1.421,0.459,1.88
thin legs,beta_5,5,2585,0.0071,1.4055,-2.3274,-1.796,-0.952,-0.004,0.947,1.786,2.2868,-1.796,1.786,-0.952,0.947,1.899
thin legs,beta_6,6,2585,-0.1802,1.4018,-2.4764,-1.9348,-1.111,-0.205,0.769,1.6066,2.1418,-1.9348,1.6066,-1.111,0.769,1.88
thin legs,beta_7,7,2585,0.7119,1.3337,-1.4924,-1.0156,-0.192,0.704,1.588,2.4176,2.9478,-1.0156,2.4176,-0.192,1.588,1.78
thin legs,beta_8,8,2585,-0.1321,1.3993,-2.4486,-1.9182,-1.07,-0.123,0.804,1.6612,2.2078,-1.9182,1.6612,-1.07,0.804,1.874
thin legs,beta_9,9,2585,0.0257,1.4045,-2.2436,-1.7852,-0.955,-0.008,0.965,1.8528,2.3448,-1.7852,1.8528,-0.955,0.965,1.92
sturdy legs,beta_0,0,212,0.7038,1.4625,-1.7042,-1.1369,-0.3167,0.7375,1.8552,2.581,2.9489,-1.1369,2.581,-0.3167,1.8552,2.1719
sturdy legs,beta_1,1,212,1.3962,1.072,-0.5586,-0.0296,0.7702,1.3855,2.1355,2.6826,3.1384,-0.0296,2.6826,0.7702,2.1355,1.3653
sturdy legs,beta_2,2,212,0.7872,1.3263,-1.5028,-0.9732,0.0215,0.8875,1.648,2.3125,2.8526,-0.9732,2.3125,0.0215,1.648,1.6265
sturdy legs,beta_3,3,212,0.8276,1.2368,-0.9824,-0.7473,0.074,0.689,1.6835,2.4055,2.9379,-0.7473,2.4055,0.074,1.6835,1.6095
sturdy legs,beta_4,4,212,0.5073,1.3569,-1.5564,-1.3496,-0.446,0.514,1.4002,2.3612,2.7572,-1.3496,2.3612,-0.446,1.4002,1.8462
sturdy legs,beta_5,5,212,0.0656,1.3422,-2.3886,-1.692,-0.78,0.298,0.906,1.5386,2.1019,-1.692,1.5386,-0.78,0.906,1.686
sturdy legs,beta_6,6,212,0.3022,1.3708,-1.876,-1.3978,-0.63,0.349,1.1438,2.0039,2.4094,-1.3978,2.0039,-0.63,1.1438,1.7738
sturdy legs,beta_7,7,212,-0.2603,1.0994,-1.9278,-1.7003,-0.9798,-0.278,0.5455,1.0425,1.3392,-1.7003,1.0425,-0.9798,0.5455,1.5253
sturdy legs,beta_8,8,212,0.0427,1.2847,-2.1375,-1.4239,-0.753,-0.03,0.8992,1.5581,2.1135,-1.4239,1.5581,-0.753,0.8992,1.6522
sturdy legs,beta_9,9,212,-0.1659,1.3599,-2.2248,-1.7743,-1.065,-0.3005,0.7862,1.5658,2.0125,-1.7743,1.5658,-1.065,0.7862,1.8512
slender legs,beta_0,0,390,-0.7616,1.3876,-2.9346,-2.5334,-1.751,-0.8895,0.265,1.1749,1.6236,-2.5334,1.1749,-1.751,0.265,2.016
slender legs,beta_1,1,390,-1.123,1.3022,-3.3123,-2.7522,-1.9442,-1.1795,-0.2655,0.5528,0.9632,-2.7522,0.5528,-1.9442,-0.2655,1.6787
slender legs,beta_2,2,390,-0.9497,1.3675,-3.0396,-2.5001,-1.8762,-0.9935,-0.1512,0.7929,1.5753,-2.5001,0.7929,-1.8762,-0.1512,1.725
slender legs,beta_3,3,390,-0.686,1.3344,-2.8228,-2.4919,-1.5258,-0.6275,0.251,0.9791,1.3216,-2.4919,0.9791,-1.5258,0.251,1.7768
slender legs,beta_4,4,390,-0.3986,1.4443,-2.7749,-2.2668,-1.3243,-0.383,0.5158,1.5205,2.0146,-2.2668,1.5205,-1.3243,0.5158,1.8401
slender legs,beta_5,5,390,0.0011,1.3427,-2.0553,-1.7051,-0.9062,0.0175,0.8088,1.7151,2.2551,-1.7051,1.7151,-0.9062,0.8088,1.715
slender legs,beta_6,6,390,-0.0628,1.3244,-2.3804,-1.8905,-0.8695,-0.0295,0.78,1.7712,2.0191,-1.8905,1.7712,-0.8695,0.78,1.6495
slender legs,beta_7,7,390,0.412,1.2485,-1.6113,-1.1512,-0.3875,0.442,1.2648,2.0742,2.4476,-1.1512,2.0742,-0.3875,1.2648,1.6523
slender legs,beta_8,8,390,0.0722,1.3854,-2.1624,-1.6932,-0.8372,0.122,1.0552,1.8355,2.1814,-1.6932,1.8355,-0.8372,1.0552,1.8924
slender legs,beta_9,9,390,0.0806,1.4914,-2.3378,-1.8496,-0.8915,0.0125,1.06,2.1422,2.6017,-1.8496,2.1422,-0.8915,1.06,1.9515
broad shoulders,beta_0,0,2801,0.6366,1.3595,-1.598,-1.144,-0.299,0.646,1.555,2.398,2.844,-1.144,2.398,-0.299,1.555,1.854
broad shoulders,beta_1,1,2801,1.5563,1.0465,-0.014,0.402,0.99,1.574,2.193,2.823,3.187,0.402,2.823,0.99,2.193,1.203
broad shoulders,beta_2,2,2801,0.136,1.4148,-2.273,-1.704,-0.803,0.113,1.122,1.959,2.433,-1.704,1.959,-0.803,1.122,1.925
broad shoulders,beta_3,3,2801,-0.3549,1.4278,-2.642,-2.203,-1.335,-0.366,0.636,1.47,1.975,-2.203,1.47,-1.335,0.636,1.971
broad shoulders,beta_4,4,2801,-0.0601,1.4379,-2.408,-1.883,-1.035,-0.07,0.914,1.805,2.307,-1.883,1.805,-1.035,0.914,1.949
broad shoulders,beta_5,5,2801,-0.5058,1.4157,-2.829,-2.325,-1.515,-0.513,0.445,1.333,1.823,-2.325,1.333,-1.515,0.445,1.96
broad shoulders,beta_6,6,2801,0.1955,1.4218,-2.176,-1.615,-0.75,0.216,1.134,2.049,2.499,-1.615,2.049,-0.75,1.134,1.884
broad shoulders,beta_7,7,2801,0.0932,1.4052,-2.27,-1.706,-0.842,0.106,1.03,1.87,2.385,-1.706,1.87,-0.842,1.03,1.872
broad shoulders,beta_8,8,2801,-0.2865,1.4245,-2.646,-2.118,-1.235,-0.26,0.682,1.503,2.006,-2.118,1.503,-1.235,0.682,1.917
broad shoulders,beta_9,9,2801,-0.1461,1.3749,-2.406,-1.946,-1.036,-0.138,0.744,1.59,2.221,-1.946,1.59,-1.036,0.744,1.78
narrow shoulders,beta_0,0,2534,-0.8604,1.2717,-2.9631,-2.4559,-1.7068,-0.8775,0.0292,0.7492,1.2238,-2.4559,0.7492,-1.7068,0.0292,1.736
narrow shoulders,beta_1,1,2534,-1.6082,0.9762,-3.2287,-2.8361,-2.234,-1.5955,-0.976,-0.3759,-0.0277,-2.8361,-0.3759,-2.234,-0.976,1.258
narrow shoulders,beta_2,2,2534,-0.1175,1.4427,-2.4311,-1.9557,-1.0935,-0.153,0.858,1.7788,2.277,-1.9557,1.7788,-1.0935,0.858,1.9515
narrow shoulders,beta_3,3,2534,0.2663,1.3996,-2.0369,-1.5171,-0.689,0.2315,1.2068,2.044,2.5654,-1.5171,2.044,-0.689,1.2068,1.8958
narrow shoulders,beta_4,4,2534,-0.035,1.4242,-2.3144,-1.862,-1.0065,-0.0485,0.8958,1.7986,2.3394,-1.862,1.7986,-1.0065,0.8958,1.9023
narrow shoulders,beta_5,5,2534,0.5045,1.3719,-1.8292,-1.269,-0.3895,0.5425,1.4222,2.2312,2.7507,-1.269,2.2312,-0.3895,1.4222,1.8117
narrow shoulders,beta_6,6,2534,-0.1701,1.3937,-2.477,-1.9309,-1.0825,-0.188,0.7835,1.637,2.0827,-1.9309,1.637,-1.0825,0.7835,1.866
narrow shoulders,beta_7,7,2534,-0.0646,1.388,-2.2967,-1.838,-1.011,-0.086,0.8778,1.7547,2.2907,-1.838,1.7547,-1.011,0.8778,1.8888
narrow shoulders,beta_8,8,2534,0.3017,1.3775,-1.971,-1.4351,-0.624,0.3185,1.224,2.0597,2.5674,-1.4351,2.0597,-0.624,1.224,1.848
narrow shoulders,beta_9,9,2534,0.1672,1.4407,-2.156,-1.6471,-0.81,0.1425,1.1425,2.0507,2.56,-1.6471,2.0507,-0.81,1.1425,1.9525
wide shoulders,beta_0,0,264,0.5897,1.238,-1.2849,-0.8821,-0.2698,0.557,1.4035,2.1671,2.6348,-0.8821,2.1671,-0.2698,1.4035,1.6733
wide shoulders,beta_1,1,264,1.2804,1.327,-1.6696,-0.5771,0.73,1.4725,2.13,2.699,3.046,-0.5771,2.699,0.73,2.13,1.4
wide shoulders,beta_2,2,264,0.1591,1.4753,-2.3464,-1.677,-0.9102,0.231,1.0958,2.0487,2.6032,-1.677,2.0487,-0.9102,1.0958,2.006
wide shoulders,beta_3,3,264,0.2617,1.539,-2.2602,-1.6619,-0.7398,0.207,1.31,2.2666,2.778,-1.6619,2.2666,-0.7398,1.31,2.0498
wide shoulders,beta_4,4,264,0.0876,1.4749,-2.2897,-1.8788,-0.933,0.1165,1.1228,1.9514,2.4826,-1.8788,1.9514,-0.933,1.1228,2.0558
wide shoulders,beta_5,5,264,-0.1451,1.3766,-2.4341,-2.0106,-0.9758,-0.108,0.8405,1.5614,1.9414,-2.0106,1.5614,-0.9758,0.8405,1.8163
wide shoulders,beta_6,6,264,0.1848,1.3983,-2.0573,-1.4585,-0.7602,0.0605,1.025,2.0399,2.6428,-1.4585,2.0399,-0.7602,1.025,1.7852
wide shoulders,beta_7,7,264,-0.0415,1.3546,-2.2802,-1.7594,-0.9445,-0.0765,0.8668,1.6095,2.2988,-1.7594,1.6095,-0.9445,0.8668,1.8113
wide shoulders,beta_8,8,264,-0.2004,1.4466,-2.5549,-2.1092,-1.1968,-0.189,0.8998,1.6093,1.9504,-2.1092,1.6093,-1.1968,0.8998,2.0966
wide shoulders,beta_9,9,264,-0.2307,1.3657,-2.4904,-2.0937,-1.142,-0.227,0.6968,1.5471,2.0838,-2.0937,1.5471,-1.142,0.6968,1.8388
broad hip,beta_0,0,2668,-0.4549,1.3918,-2.7226,-2.256,-1.4133,-0.467,0.4852,1.3428,1.8285,-2.256,1.3428,-1.4133,0.4852,1.8985
broad hip,beta_1,1,2668,1.3542,1.07,-0.3749,0.0134,0.6428,1.331,2.0665,2.7443,3.1158,0.0134,2.7443,0.6428,2.0665,1.4237
broad hip,beta_2,2,2668,0.9382,1.288,-1.1716,-0.7163,0.0558,0.9475,1.8132,2.5783,3.0113,-0.7163,2.5783,0.0558,1.8132,1.7574
broad hip,beta_3,3,2668,0.8491,1.322,-1.3356,-0.8322,-0.036,0.828,1.7165,2.5389,3.055,-0.8322,2.5389,-0.036,1.7165,1.7525
broad hip,beta_4,4,2668,0.2334,1.3826,-2.0549,-1.5633,-0.6662,0.2335,1.169,1.9936,2.4825,-1.5633,1.9936,-0.6662,1.169,1.8352
broad hip,beta_5,5,2668,0.2502,1.3687,-2.0149,-1.522,-0.6485,0.2485,1.1988,1.9903,2.5183,-1.522,1.9903,-0.6485,1.1988,1.8473
broad hip,beta_6,6,2668,0.1653,1.4374,-2.2042,-1.6501,-0.783,0.175,1.102,1.9569,2.5352,-1.6501,1.9569,-0.783,1.102,1.885
broad hip,beta_7,7,2668,0.0563,1.3844,-2.2073,-1.736,-0.915,0.0695,0.986,1.8391,2.3543,-1.736,1.8391,-0.915,0.986,1.901
broad hip,beta_8,8,2668,0.2192,1.3791,-2.0746,-1.566,-0.6972,0.257,1.136,1.9423,2.4115,-1.566,1.9423,-0.6972,1.136,1.8332
broad hip,beta_9,9,2668,-0.0024,1.3792,-2.2739,-1.7759,-0.919,-0.018,0.914,1.7303,2.2896,-1.7759,1.7303,-0.919,0.914,1.833
narrow hip,beta_0,0,2529,0.2194,1.3923,-2.0466,-1.553,-0.722,0.211,1.156,2.0088,2.529,-1.553,2.0088,-0.722,1.156,1.878
narrow hip,beta_1,1,2529,-1.3589,1.1174,-3.2228,-2.7652,-2.113,-1.35,-0.612,0.045,0.4848,-2.7652,0.045,-2.113,-0.612,1.501
narrow hip,beta_2,2,2529,-1.0076,1.3124,-3.1898,-2.6452,-1.883,-1.011,-0.147,0.6464,1.113,-2.6452,0.6464,-1.883,-0.147,1.736
narrow hip,beta_3,3,2529,-0.8333,1.3146,-2.9784,-2.5034,-1.715,-0.849,0.017,0.8322,1.3788,-2.5034,0.8322,-1.715,0.017,1.732
narrow hip,beta_4,4,2529,-0.2851,1.3925,-2.5252,-2.083,-1.215,-0.285,0.656,1.4616,1.927,-2.083,1.4616,-1.215,0.656,1.871
narrow hip,beta_5,5,2529,-0.2461,1.387,-2.6096,-2.0202,-1.193,-0.215,0.725,1.5424,1.988,-2.0202,1.5424,-1.193,0.725,1.918
narrow hip,beta_6,6,2529,-0.1839,1.408,-2.5484,-1.9644,-1.099,-0.193,0.748,1.6046,2.1212,-1.9644,1.6046,-1.099,0.748,1.847
narrow hip,beta_7,7,2529,-0.1049,1.3747,-2.32,-1.867,-1.022,-0.136,0.819,1.6386,2.205,-1.867,1.6386,-1.022,0.819,1.841
narrow hip,beta_8,8,2529,-0.1975,1.4133,-2.4996,-2.0292,-1.163,-0.196,0.795,1.6216,2.083,-2.0292,1.6216,-1.163,0.795,1.958
narrow hip,beta_9,9,2529,-0.0204,1.4231,-2.3406,-1.8776,-1.015,-0.018,0.948,1.7966,2.333,-1.8776,1.7966,-1.015,0.948,1.963
expansive hips,beta_0,0,422,-0.5262,1.5604,-3.0445,-2.5667,-1.7172,-0.47,0.6548,1.4912,2.1059,-2.5667,1.4912,-1.7172,0.6548,2.372
expansive hips,beta_1,1,422,1.3452,0.9682,-0.2178,0.0613,0.6845,1.379,2.018,2.5948,2.8797,0.0613,2.5948,0.6845,2.018,1.3335
expansive hips,beta_2,2,422,0.9208,1.2377,-1.0349,-0.6959,0.108,0.8685,1.7658,2.4833,3.0436,-0.6959,2.4833,0.108,1.7658,1.6578
expansive hips,beta_3,3,422,0.8377,1.2143,-1.1331,-0.7474,-0.0098,0.8775,1.6135,2.2666,2.7767,-0.7474,2.2666,-0.0098,1.6135,1.6233
expansive hips,beta_4,4,422,0.3189,1.4396,-1.9329,-1.4684,-0.712,0.333,1.259,2.2322,2.6858,-1.4684,2.2322,-0.712,1.259,1.971
expansive hips,beta_5,5,422,0.1598,1.316,-2.0878,-1.5747,-0.715,0.191,1.0018,1.7868,2.2768,-1.5747,1.7868,-0.715,1.0018,1.7168
expansive hips,beta_6,6,422,0.1308,1.332,-1.9772,-1.5186,-0.7588,0.0415,1.0183,1.935,2.3953,-1.5186,1.935,-0.7588,1.0183,1.7771
expansive hips,beta_7,7,422,0.032,1.418,-2.2331,-1.6656,-0.8512,0.0365,0.926,1.8003,2.3928,-1.6656,1.8003,-0.8512,0.926,1.7772
expansive hips,beta_8,8,422,0.2437,1.3757,-2.069,-1.6033,-0.6198,0.1695,1.2715,2.0222,2.3853,-1.6033,2.0222,-0.6198,1.2715,1.8913
expansive hips,beta_9,9,422,0.0719,1.4207,-2.3886,-1.8106,-0.9078,0.057,1.1742,1.8982,2.3043,-1.8106,1.8982,-0.9078,1.1742,2.082
slim hips,beta_0,0,165,-0.3966,1.2499,-2.626,-2.0446,-1.215,-0.27,0.493,1.1932,1.5664,-2.0446,1.1932,-1.215,0.493,1.708
slim hips,beta_1,1,165,-1.8177,1.0567,-3.4254,-2.9778,-2.418,-1.837,-1.28,-0.75,-0.2212,-2.9778,-0.75,-2.418,-1.28,1.138
slim hips,beta_2,2,165,-0.5395,1.2625,-2.6356,-2.017,-1.315,-0.604,0.178,0.9234,1.5994,-2.017,0.9234,-1.315,0.178,1.493
slim hips,beta_3,3,165,-0.2888,1.2812,-2.5884,-1.9474,-1.158,-0.144,0.593,1.2272,1.6798,-1.9474,1.2272,-1.158,0.593,1.751
slim hips,beta_4,4,165,-0.1086,1.4568,-2.6268,-1.98,-0.927,-0.015,0.881,1.6044,2.1362,-1.98,1.6044,-0.927,0.881,1.808
slim hips,beta_5,5,165,0.1679,1.4245,-2.1422,-1.5112,-0.773,0.051,1.18,2.1276,2.735,-1.5112,2.1276,-0.773,1.18,1.953
slim hips,beta_6,6,165,-0.3493,1.3172,-2.4686,-2.064,-1.181,-0.35,0.554,1.3088,1.9306,-2.064,1.3088,-1.181,0.554,1.735
slim hips,beta_7,7,165,-0.1528,1.4184,-2.6304,-1.9576,-0.975,-0.028,0.825,1.486,1.7956,-1.9576,1.486,-0.975,0.825,1.8
slim hips,beta_8,8,165,0.012,1.2818,-2.1846,-1.6732,-0.779,-0.022,1.056,1.6238,1.853,-1.6732,1.6238,-0.779,1.056,1.835
slim hips,beta_9,9,165,0.1538,1.3998,-2.2472,-1.592,-0.768,0.264,1.105,1.8624,2.5008,-1.592,1.8624,-0.768,1.105,1.873
lot of body mass,beta_0,0,1755,0.7235,1.2921,-1.4037,-0.966,-0.1295,0.743,1.591,2.4202,2.8416,-0.966,2.4202,-0.1295,1.591,1.7205
lot of body mass,beta_1,1,1755,1.1484,1.0,-0.4895,-0.1434,0.4815,1.136,1.794,2.457,2.8342,-0.1434,2.457,0.4815,1.794,1.3125
lot of body mass,beta_2,2,1755,0.7451,1.2518,-1.3127,-0.887,-0.1025,0.759,1.5895,2.3544,2.7816,-0.887,2.3544,-0.1025,1.5895,1.692
lot of body mass,beta_3,3,1755,0.4991,1.4082,-1.8621,-1.3742,-0.4165,0.538,1.4445,2.246,2.7246,-1.3742,2.246,-0.4165,1.4445,1.861
lot of body mass,beta_4,4,1755,0.1038,1.3768,-2.184,-1.7056,-0.8065,0.092,1.0685,1.8342,2.3139,-1.7056,1.8342,-0.8065,1.0685,1.875
lot of body mass,beta_5,5,1755,-0.0158,1.4253,-2.3622,-1.8692,-0.9785,0.012,0.975,1.818,2.332,-1.8692,1.818,-0.9785,0.975,1.9535
lot of body mass,beta_6,6,1755,0.0307,1.3822,-2.2328,-1.7362,-0.889,0.033,0.9255,1.8258,2.336,-1.7362,1.8258,-0.889,0.9255,1.8145
lot of body mass,beta_7,7,1755,-0.0982,1.4208,-2.4882,-1.9194,-1.0585,-0.094,0.8955,1.7056,2.2155,-1.9194,1.7056,-1.0585,0.8955,1.954
lot of body mass,beta_8,8,1755,0.0343,1.4373,-2.3327,-1.82,-0.8915,0.049,1.0155,1.882,2.2733,-1.82,1.882,-0.8915,1.0155,1.907
lot of body mass,beta_9,9,1755,0.0367,1.388,-2.1962,-1.703,-0.889,-0.018,0.9245,1.8318,2.4376,-1.703,1.8318,-0.889,0.9245,1.8135
low body mass,beta_0,0,2273,-0.7642,1.2696,-2.8448,-2.3886,-1.614,-0.789,0.1,0.887,1.3726,-2.3886,0.887,-1.614,0.1,1.714
low body mass,beta_1,1,2273,-1.2692,0.9917,-2.8844,-2.5278,-1.951,-1.271,-0.614,0.0006,0.3668,-2.5278,0.0006,-1.951,-0.614,1.337
low body mass,beta_2,2,2273,-0.8471,1.2733,-2.9212,-2.457,-1.671,-0.85,-0.02,0.8196,1.286,-2.457,0.8196,-1.671,-0.02,1.651
low body mass,beta_3,3,2273,-0.5424,1.3168,-2.6856,-2.2434,-1.423,-0.558,0.328,1.161,1.7294,-2.2434,1.161,-1.423,0.328,1.751
low body mass,beta_4,4,2273,-0.2362,1.3954,-2.4678,-2.0002,-1.181,-0.243,0.696,1.5854,2.0238,-2.0002,1.5854,-1.181,0.696,1.877
low body mass,beta_5,5,2273,0.0213,1.4079,-2.3584,-1.8258,-0.924,0.037,0.946,1.7758,2.332,-1.8258,1.7758,-0.924,0.946,1.87
low body mass,beta_6,6,2273,-0.0254,1.413,-2.417,-1.7998,-0.952,-0.046,0.898,1.7568,2.2732,-1.7998,1.7568,-0.952,0.898,1.85
low body mass,beta_7,7,2273,0.0876,1.3929,-2.1444,-1.7188,-0.877,0.111,1.004,1.8754,2.3928,-1.7188,1.8754,-0.877,1.004,1.881
low body mass,beta_8,8,2273,-0.0282,1.3979,-2.3546,-1.8182,-0.984,0.001,0.895,1.772,2.2634,-1.8182,1.772,-0.984,0.895,1.879
low body mass,beta_9,9,2273,-0.0476,1.4221,-2.3434,-1.8984,-1.007,-0.044,0.909,1.79,2.2884,-1.8984,1.79,-1.007,0.909,1.916
meager body mass,beta_0,0,176,-1.2892,1.5781,-3.4408,-3.2325,-2.5188,-1.624,-0.1305,1.185,1.4798,-3.2325,1.185,-2.5188,-0.1305,2.3883
meager body mass,beta_1,1,176,-1.4967,1.0155,-3.0708,-2.7935,-2.256,-1.491,-0.7965,-0.2545,0.2072,-2.7935,-0.2545,-2.256,-0.7965,1.4595
meager body mass,beta_2,2,176,-0.789,1.2257,-2.738,-2.2095,-1.4375,-0.81,-0.0945,0.853,1.1202,-2.2095,0.853,-1.4375,-0.0945,1.343
meager body mass,beta_3,3,176,-0.4396,1.4844,-2.646,-2.4095,-1.6442,-0.2925,0.7272,1.4085,1.838,-2.4095,1.4085,-1.6442,0.7272,2.3714
meager body mass,beta_4,4,176,-0.2617,1.3528,-2.4222,-1.7335,-1.0943,-0.1775,0.5728,1.206,1.9302,-1.7335,1.206,-1.0943,0.5728,1.6671
meager body mass,beta_5,5,176,-0.0643,1.4143,-2.322,-1.935,-1.113,-0.02,0.8462,1.6675,2.3045,-1.935,1.6675,-1.113,0.8462,1.9592
meager body mass,beta_6,6,176,0.0159,1.3163,-2.0062,-1.6935,-0.7555,0.056,0.812,1.8115,2.1085,-1.6935,1.8115,-0.7555,0.812,1.5675
meager body mass,beta_7,7,176,0.2806,1.3774,-2.1428,-1.6115,-0.5518,0.2775,1.2395,1.9875,2.4658,-1.6115,1.9875,-0.5518,1.2395,1.7913
meager body mass,beta_8,8,176,0.03,1.3533,-2.5588,-1.7725,-0.7798,0.07,0.8525,1.8375,2.1735,-1.7725,1.8375,-0.7798,0.8525,1.6323
meager body mass,beta_9,9,176,0.0692,1.4349,-2.1128,-1.8145,-0.8302,0.169,1.043,1.773,2.2735,-1.8145,1.773,-0.8302,1.043,1.8732
ample body mass,beta_0,0,79,0.1293,1.1257,-1.8635,-1.4614,-0.534,0.115,0.9735,1.457,1.8743,-1.4614,1.457,-0.534,0.9735,1.5075
ample body mass,beta_1,1,79,1.8353,1.1151,0.3673,0.7078,1.025,1.985,2.4645,3.127,3.3562,0.7078,3.127,1.025,2.4645,1.4395
ample body mass,beta_2,2,79,0.7505,1.2054,-1.0804,-0.8634,-0.093,0.661,1.5475,2.3964,2.7086,-0.8634,2.3964,-0.093,1.5475,1.6405
ample body mass,beta_3,3,79,0.5642,1.4694,-1.5501,-1.0514,-0.5465,0.324,1.5315,2.6678,3.041,-1.0514,2.6678,-0.5465,1.5315,2.078
ample body mass,beta_4,4,79,0.2231,1.2542,-1.8615,-1.4704,-0.489,0.162,0.845,1.9698,2.3544,-1.4704,1.9698,-0.489,0.845,1.334
ample body mass,beta_5,5,79,0.1652,1.3672,-2.0205,-1.4418,-0.836,0.252,1.011,1.9548,2.1128,-1.4418,1.9548,-0.836,1.011,1.847
ample body mass,beta_6,6,79,-0.2081,1.5226,-3.0081,-2.3048,-1.0605,-0.202,1.0375,1.6236,1.8631,-2.3048,1.6236,-1.0605,1.0375,2.098
ample body mass,beta_7,7,79,0.0831,1.2866,-2.0382,-1.4162,-0.7475,0.09,0.9765,1.5926,1.9282,-1.4162,1.5926,-0.7475,0.9765,1.724
ample body mass,beta_8,8,79,0.0976,1.3012,-1.948,-1.6598,-0.8085,0.108,1.124,1.856,2.145,-1.6598,1.856,-0.8085,1.124,1.9325
ample body mass,beta_9,9,79,-0.1511,1.43,-2.1418,-1.9492,-1.0845,-0.133,0.7975,1.6564,2.1372,-1.9492,1.6564,-1.0845,0.7975,1.882
muscular,beta_0,0,464,0.8028,1.2213,-1.1216,-0.6847,-0.0598,0.802,1.568,2.4786,2.7775,-0.6847,2.4786,-0.0598,1.568,1.6278
muscular,beta_1,1,464,1.2327,1.1395,-0.5506,-0.1847,0.478,1.305,1.9973,2.6757,2.8948,-0.1847,2.6757,0.478,1.9973,1.5193
muscular,beta_2,2,464,0.6957,1.307,-1.3602,-1.0418,-0.2002,0.691,1.624,2.3528,2.7616,-1.0418,2.3528,-0.2002,1.624,1.8242
muscular,beta_3,3,464,0.5915,1.4011,-1.5968,-1.159,-0.3125,0.5395,1.5335,2.3477,2.9044,-1.159,2.3477,-0.3125,1.5335,1.846
muscular,beta_4,4,464,0.2925,1.3814,-2.0436,-1.4426,-0.6758,0.2935,1.1802,2.0892,2.631,-1.4426,2.0892,-0.6758,1.1802,1.856
muscular,beta_5,5,464,0.0663,1.4257,-2.4952,-1.8408,-0.81,0.0795,0.9895,1.8918,2.3842,-1.8408,1.8918,-0.81,0.9895,1.7995
muscular,beta_6,6,464,0.1755,1.289,-1.8371,-1.3741,-0.7012,0.162,0.9818,1.6911,2.2138,-1.3741,1.6911,-0.7012,0.9818,1.683
muscular,beta_7,7,464,-0.1822,1.3838,-2.4061,-1.892,-1.086,-0.201,0.734,1.6,2.1205,-1.892,1.6,-1.086,0.734,1.82
muscular,beta_8,8,464,0.0902,1.3591,-2.1635,-1.7311,-0.8745,0.167,1.0482,1.8689,2.2564,-1.7311,1.8689,-0.8745,1.0482,1.9227
muscular,beta_9,9,464,0.0167,1.3957,-2.5169,-1.7083,-0.903,-0.008,0.975,1.7542,2.259,-1.7083,1.7542,-0.903,0.975,1.878
slender,beta_0,0,2977,-0.3845,1.4263,-2.6058,-2.1828,-1.35,-0.475,0.56,1.5252,2.1112,-2.1828,1.5252,-1.35,0.56,1.91
slender,beta_1,1,2977,-0.9125,1.2621,-2.8888,-2.4474,-1.742,-0.963,-0.119,0.746,1.2576,-2.4474,0.746,-1.742,-0.119,1.623
slender,beta_2,2,2977,-0.4753,1.4268,-2.694,-2.2374,-1.445,-0.533,0.446,1.3674,1.974,-2.2374,1.3674,-1.445,0.446,1.891
slender,beta_3,3,2977,-0.2458,1.4751,-2.6412,-2.1538,-1.246,-0.266,0.773,1.6552,2.2342,-2.1538,1.6552,-1.246,0.773,2.019
slender,beta_4,4,2977,-0.1893,1.4168,-2.5502,-2.048,-1.155,-0.187,0.771,1.6214,2.121,-2.048,1.6214,-1.155,0.771,1.926
slender,beta_5,5,2977,-0.009,1.4464,-2.3296,-1.856,-1.004,-0.014,0.923,1.8622,2.4294,-1.856,1.8622,-1.004,0.923,1.927
slender,beta_6,6,2977,-0.0733,1.3746,-2.3366,-1.8878,-0.983,-0.074,0.858,1.6786,2.1524,-1.8878,1.6786,-0.983,0.858,1.841
slender,beta_7,7,2977,0.0474,1.4889,-2.4414,-1.8832,-0.96,0.064,1.046,1.9318,2.4962,-1.8832,1.9318,-0.96,1.046,2.006
slender,beta_8,8,2977,-0.038,1.4256,-2.429,-1.919,-0.988,-0.024,0.923,1.792,2.2594,-1.919,1.792,-0.988,0.923,1.911
slender,beta_9,9,2977,0.0122,1.4275,-2.2792,-1.822,-0.948,-0.009,0.986,1.8002,2.378,-1.822,1.8002,-0.948,0.986,1.934
thick bust,beta_0,0,2486,1.0042,1.2262,-1.023,-0.561,0.165,0.9975,1.8365,2.587,3.029,-0.561,2.587,0.165,1.8365,1.6715
thick bust,beta_1,1,2486,1.3719,1.0585,-0.336,0.0175,0.663,1.319,2.0862,2.7495,3.1622,0.0175,2.7495,0.663,2.0862,1.4232
thick bust,beta_2,2,2486,0.7339,1.3122,-1.3698,-0.931,-0.1668,0.756,1.6098,2.415,2.8672,-0.931,2.415,-0.1668,1.6098,1.7766
thick bust,beta_3,3,2486,0.4873,1.4324,-1.8868,-1.4135,-0.4675,0.4915,1.4318,2.3225,2.867,-1.4135,2.3225,-0.4675,1.4318,1.8993
thick bust,beta_4,4,2486,0.139,1.409,-2.1635,-1.693,-0.7968,0.148,1.1107,1.913,2.4345,-1.693,1.913,-0.7968,1.1107,1.9075
thick bust,beta_5,5,2486,0.0512,1.4197,-2.2758,-1.7775,-0.8925,0.061,1.0235,1.8775,2.448,-1.7775,1.8775,-0.8925,1.0235,1.916
thick bust,beta_6,6,2486,-0.0034,1.4323,-2.3578,-1.896,-0.9455,0.0075,0.9725,1.7945,2.3325,-1.896,1.7945,-0.9455,0.9725,1.918
thick bust,beta_7,7,2486,0.3173,1.406,-2.0085,-1.505,-0.618,0.3515,1.239,2.107,2.578,-1.505,2.107,-0.618,1.239,1.857
thick bust,beta_8,8,2486,-0.1244,1.4267,-2.478,-1.975,-1.0618,-0.1315,0.8552,1.6905,2.1848,-1.975,1.6905,-1.0618,0.8552,1.917
thick bust,beta_9,9,2486,0.0758,1.3881,-2.18,-1.714,-0.8735,0.071,0.992,1.838,2.4268,-1.714,1.838,-0.8735,0.992,1.8655
thin bust,beta_0,0,2434,-0.9617,1.2418,-3.0711,-2.5177,-1.7848,-0.938,-0.1502,0.6624,1.0587,-2.5177,0.6624,-1.7848,-0.1502,1.6346
thin bust,beta_1,1,2434,-1.4039,1.0749,-3.2124,-2.756,-2.1155,-1.407,-0.676,-0.0323,0.343,-2.756,-0.0323,-2.1155,-0.676,1.4395
thin bust,beta_2,2,2434,-0.7549,1.356,-2.9354,-2.4414,-1.6538,-0.767,0.163,1.0087,1.4738,-2.4414,1.0087,-1.6538,0.163,1.8168
thin bust,beta_3,3,2434,-0.4881,1.362,-2.743,-2.2307,-1.4057,-0.502,0.4178,1.2705,1.7961,-2.2307,1.2705,-1.4057,0.4178,1.8235
thin bust,beta_4,4,2434,-0.2099,1.3997,-2.459,-1.9587,-1.1648,-0.2345,0.7088,1.5994,2.0927,-1.9587,1.5994,-1.1648,0.7088,1.8736
thin bust,beta_5,5,2434,0.0,1.4061,-2.3798,-1.8125,-0.9415,0.001,0.9485,1.7767,2.2751,-1.8125,1.7767,-0.9415,0.9485,1.89
thin bust,beta_6,6,2434,-0.0254,1.3958,-2.4527,-1.7754,-0.929,-0.0195,0.8975,1.7196,2.2117,-1.7754,1.7196,-0.929,0.8975,1.8265
thin bust,beta_7,7,2434,-0.3016,1.3846,-2.5626,-2.0642,-1.23,-0.3145,0.6268,1.4404,2.0046,-2.0642,1.4404,-1.23,0.6268,1.8568
thin bust,beta_8,8,2434,0.1128,1.4022,-2.1792,-1.6694,-0.8528,0.135,1.0478,1.9048,2.386,-1.6694,1.9048,-0.8528,1.0478,1.9006
thin bust,beta_9,9,2434,-0.0942,1.3958,-2.3638,-1.8877,-1.0645,-0.119,0.8725,1.712,2.2314,-1.8877,1.712,-1.0645,0.8725,1.937
ample chest,beta_0,0,255,1.0819,1.1204,-0.6022,-0.3182,0.244,1.04,1.7785,2.5642,3.1211,-0.3182,2.5642,0.244,1.7785,1.5345
ample chest,beta_1,1,255,1.3394,1.0454,-0.4166,-0.0402,0.677,1.346,2.028,2.6474,2.9574,-0.0402,2.6474,0.677,2.028,1.351
ample chest,beta_2,2,255,0.5757,1.2377,-1.4336,-1.0006,-0.236,0.629,1.4085,2.2324,2.6259,-1.0006,2.2324,-0.236,1.4085,1.6445
ample chest,beta_3,3,255,0.4037,1.3615,-1.7364,-1.288,-0.438,0.242,1.2775,2.4282,2.7277,-1.288,2.4282,-0.438,1.2775,1.7155
ample chest,beta_4,4,255,0.2106,1.3839,-2.1504,-1.532,-0.6745,0.191,0.999,1.9912,2.5321,-1.532,1.9912,-0.6745,0.999,1.6735
ample chest,beta_5,5,255,-0.0423,1.4323,-2.299,-1.8188,-1.0425,-0.063,0.8795,1.7612,2.2071,-1.8188,1.7612,-1.0425,0.8795,1.922
ample chest,beta_6,6,255,0.1142,1.3389,-1.952,-1.529,-0.7795,0.053,0.979,1.832,2.5061,-1.529,1.832,-0.7795,0.979,1.7585
ample chest,beta_7,7,255,0.2915,1.3786,-2.0465,-1.5416,-0.596,0.249,1.2785,2.1614,2.4336,-1.5416,2.1614,-0.596,1.2785,1.8745
ample chest,beta_8,8,255,-0.0784,1.3696,-2.1313,-1.8126,-1.041,-0.076,0.844,1.681,2.1339,-1.8126,1.681,-1.041,0.844,1.885
ample chest,beta_9,9,255,0.0535,1.4051,-2.1875,-1.7688,-0.946,-0.033,1.1175,1.832,2.3255,-1.7688,1.832,-0.946,1.1175,2.0635
slim torso,beta_0,0,107,-0.3999,1.1387,-2.0816,-1.7174,-1.2035,-0.394,0.275,1.0588,1.2383,-1.7174,1.0588,-1.2035,0.275,1.4785
slim torso,beta_1,1,107,-1.1979,1.0816,-3.2099,-2.5804,-1.8555,-1.182,-0.4715,0.189,0.4819,-2.5804,0.189,-1.8555,-0.4715,1.384
slim torso,beta_2,2,107,-0.8112,1.3363,-2.9052,-2.4338,-1.5795,-0.855,-0.1505,0.7856,1.2857,-2.4338,0.7856,-1.5795,-0.1505,1.429
slim torso,beta_3,3,107,-0.6207,1.3726,-2.4711,-2.1022,-1.5415,-0.759,0.0245,1.358,1.8556,-2.1022,1.358,-1.5415,0.0245,1.566
slim torso,beta_4,4,107,-0.2193,1.4523,-2.3196,-2.07,-0.937,-0.208,0.755,1.6,2.3024,-2.07,1.6,-0.937,0.755,1.692
slim torso,beta_5,5,107,-0.2861,1.3831,-2.5023,-2.0924,-1.334,-0.343,0.653,1.6374,2.0072,-2.0924,1.6374,-1.334,0.653,1.987
slim torso,beta_6,6,107,-0.07,1.4551,-2.4547,-1.961,-0.9925,-0.082,0.893,1.7462,2.3461,-1.961,1.7462,-0.9925,0.893,1.8855
slim torso,beta_7,7,107,-0.4178,1.267,-2.2604,-1.9532,-1.277,-0.446,0.4135,1.1282,1.6974,-1.9532,1.1282,-1.277,0.4135,1.6905
slim torso,beta_8,8,107,-0.312,1.4557,-2.7081,-2.1048,-1.2675,-0.2,0.6475,1.5538,1.9731,-2.1048,1.5538,-1.2675,0.6475,1.915
slim torso,beta_9,9,107,0.3259,1.4955,-2.1684,-1.5194,-0.6925,0.207,1.293,2.2216,2.6644,-1.5194,2.2216,-0.6925,1.293,1.9855
thick waist,beta_0,0,2603,0.6392,1.3469,-1.5449,-1.0978,-0.3,0.656,1.5405,2.4004,2.8484,-1.0978,2.4004,-0.3,1.5405,1.8405
thick waist,beta_1,1,2603,1.3554,1.0638,-0.3538,-0.0032,0.655,1.322,2.0635,2.7436,3.1339,-0.0032,2.7436,0.655,2.0635,1.4085
thick waist,beta_2,2,2603,0.973,1.2615,-1.1183,-0.647,0.1035,0.971,1.844,2.5686,3.0289,-0.647,2.5686,0.1035,1.844,1.7405
thick waist,beta_3,3,2603,0.7457,1.3704,-1.5867,-1.0246,-0.1265,0.72,1.6155,2.4884,3.0011,-1.0246,2.4884,-0.1265,1.6155,1.742
thick waist,beta_4,4,2603,0.1197,1.401,-2.2345,-1.712,-0.804,0.121,1.061,1.886,2.4167,-1.712,1.886,-0.804,1.061,1.865
thick waist,beta_5,5,2603,0.2899,1.4045,-2.0179,-1.535,-0.636,0.297,1.27,2.0948,2.6316,-1.535,2.0948,-0.636,1.27,1.906
thick waist,beta_6,6,2603,0.0115,1.4233,-2.3205,-1.798,-0.9385,0.014,0.972,1.8002,2.3544,-1.798,1.8002,-0.9385,0.972,1.9105
thick waist,beta_7,7,2603,0.1046,1.3892,-2.1847,-1.7038,-0.8255,0.127,1.0155,1.869,2.3396,-1.7038,1.869,-0.8255,1.0155,1.841
thick waist,beta_8,8,2603,0.1814,1.413,-2.1896,-1.6318,-0.715,0.206,1.1095,1.977,2.4821,-1.6318,1.977,-0.715,1.1095,1.8245
thick waist,beta_9,9,2603,0.0577,1.4036,-2.2172,-1.7262,-0.9015,0.037,0.9825,1.8538,2.4302,-1.7262,1.8538,-0.9015,0.9825,1.884
thin waist,beta_0,0,2506,-0.6116,1.3397,-2.8565,-2.329,-1.516,-0.628,0.2982,1.1175,1.5952,-2.329,1.1175,-1.516,0.2982,1.8142
thin waist,beta_1,1,2506,-1.3798,1.0969,-3.214,-2.754,-2.1122,-1.3795,-0.6492,0.011,0.4258,-2.754,0.011,-2.1122,-0.6492,1.463
thin waist,beta_2,2,2506,-0.9698,1.2964,-3.1377,-2.5685,-1.8388,-0.978,-0.1365,0.691,1.1535,-2.5685,0.691,-1.8388,-0.1365,1.7023
thin waist,beta_3,3,2506,-0.7121,1.3154,-2.8448,-2.407,-1.6158,-0.7255,0.1608,0.981,1.5438,-2.407,0.981,-1.6158,0.1608,1.7766
thin waist,beta_4,4,2506,-0.1555,1.4025,-2.4405,-1.957,-1.121,-0.167,0.781,1.611,2.0915,-1.957,1.611,-1.121,0.781,1.902
thin waist,beta_5,5,2506,-0.2574,1.3892,-2.6205,-2.0855,-1.1848,-0.232,0.7088,1.5325,1.9658,-2.0855,1.5325,-1.1848,0.7088,1.8936
thin waist,beta_6,6,2506,0.0052,1.4159,-2.3555,-1.797,-0.9148,-0.0235,0.928,1.839,2.344,-1.797,1.839,-0.9148,0.928,1.8428
thin waist,beta_7,7,2506,-0.1197,1.3812,-2.3308,-1.886,-1.054,-0.138,0.81,1.6365,2.2132,-1.886,1.6365,-1.054,0.81,1.864
thin waist,beta_8,8,2506,-0.1477,1.4144,-2.494,-1.988,-1.1098,-0.133,0.824,1.658,2.1308,-1.988,1.658,-1.1098,0.824,1.9338
thin waist,beta_9,9,2506,-0.0728,1.4031,-2.3298,-1.8745,-1.0598,-0.088,0.8935,1.7385,2.2478,-1.8745,1.7385,-1.0598,0.8935,1.9533
expansive waist,beta_0,0,118,0.937,1.1424,-0.8883,-0.2722,0.3057,0.878,1.3365,2.2961,3.3578,-0.2722,2.2961,0.3057,1.3365,1.0308
expansive waist,beta_1,1,118,1.2482,1.1512,-0.6757,-0.1303,0.562,1.137,1.9078,2.9231,3.2961,-0.1303,2.9231,0.562,1.9078,1.3458
expansive waist,beta_2,2,118,0.8973,1.4026,-1.6378,-0.9444,-0.0892,0.929,1.962,2.6525,3.0689,-0.9444,2.6525,-0.0892,1.962,2.0512
expansive waist,beta_3,3,118,0.876,1.4294,-1.9213,-0.546,-0.0758,0.946,1.9108,2.5647,2.9277,-0.546,2.5647,-0.0758,1.9108,1.9866
expansive waist,beta_4,4,118,0.1605,1.3398,-2.0448,-1.724,-0.8052,0.161,1.0508,1.663,2.1535,-1.724,1.663,-0.8052,1.0508,1.856
expansive waist,beta_5,5,118,0.2517,1.3439,-1.8876,-1.5181,-0.6022,0.081,1.0498,1.9116,2.7203,-1.5181,1.9116,-0.6022,1.0498,1.652
expansive waist,beta_6,6,118,0.0066,1.2534,-1.7833,-1.5388,-0.7228,-0.076,0.7955,1.5634,1.9653,-1.5388,1.5634,-0.7228,0.7955,1.5183
expansive waist,beta_7,7,118,0.2631,1.2862,-1.7544,-1.2173,-0.6485,0.1295,1.103,1.9088,2.302,-1.2173,1.9088,-0.6485,1.103,1.7515
expansive waist,beta_8,8,118,0.1448,1.3577,-2.2234,-1.492,-0.7015,0.1895,1.1365,2.0155,2.2421,-1.492,2.0155,-0.7015,1.1365,1.838
expansive waist,beta_9,9,118,0.2167,1.4342,-2.0967,-1.5752,-0.713,0.311,1.244,1.7899,2.5684,-1.5752,1.7899,-0.713,1.244,1.957
slim waist,beta_0,0,145,-0.3657,1.5749,-2.806,-2.2582,-1.272,-0.478,0.717,1.6924,2.3496,-2.2582,1.6924,-1.272,0.717,1.989
slim waist,beta_1,1,145,-1.2052,1.2421,-3.0764,-2.6962,-2.071,-1.25,-0.333,0.2834,0.9754,-2.6962,0.2834,-2.071,-0.333,1.738
slim waist,beta_2,2,145,-0.8532,1.3478,-2.7434,-2.152,-1.736,-0.995,-0.314,0.8756,1.6048,-2.152,0.8756,-1.736,-0.314,1.422
slim waist,beta_3,3,145,-0.4489,1.3302,-2.4926,-2.1836,-1.314,-0.48,0.276,1.0832,1.5996,-2.1836,1.0832,-1.314,0.276,1.59
slim waist,beta_4,4,145,0.144,1.3875,-2.0066,-1.6588,-0.859,0.159,1.035,2.0146,2.3062,-1.6588,2.0146,-0.859,1.035,1.894
slim waist,beta_5,5,145,-0.1913,1.4248,-2.3022,-1.926,-1.275,-0.175,0.723,1.6824,2.174,-1.926,1.6824,-1.275,0.723,1.998
slim waist,beta_6,6,145,-0.1047,1.3415,-2.3188,-1.917,-1.107,-0.015,0.884,1.6336,1.953,-1.917,1.6336,-1.107,0.884,1.991
slim waist,beta_7,7,145,-0.1255,1.3517,-2.0462,-1.8864,-1.033,-0.08,0.87,1.625,1.9194,-1.8864,1.625,-1.033,0.87,1.903
slim waist,beta_8,8,145,-0.2186,1.284,-2.211,-1.8746,-1.075,-0.317,0.695,1.3486,2.035,-1.8746,1.3486,-1.075,0.695,1.77
slim waist,beta_9,9,145,-0.1749,1.3816,-2.4546,-1.8788,-1.129,-0.176,0.753,1.4664,1.896,-1.8788,1.4664,-1.129,0.753,1.882
